Name,3-letter code,1-letter code,Monoisotopic Mass,Average Mass
Alanine,Ala,A,71.03711,71.08
Arginine,Arg,R,156.10111,156.2
Asparagine,Asn,N,114.04293,114.1
Aspartic Acid,Asp,D,115.02694,115.1
Cysteine,Cys,C,103.00919,103.1
Glutamic Acid,Glu,E,129.04259,129.1
Glutamine,Gln,Q,128.05858,128.1
Glycine,Gly,G,57.02146,57.05
Histidine,His,H,137.05891,137.1
Isoleucine,Ile,I,113.08406,113.2
Leucine,Leu,L,113.08406,113.2
Lysine,Lys,K,128.09496,128.2
Methionine,Met,M,131.04049,131.2
Phenylalanine,Phe,F,147.06841,147.2
Proline,Pro,P,97.05276,97.12
Serine,Ser,S,87.03203,87.08
Threonine,Thr,T,101.04768,101.1
Tryptophan,Trp,W,186.07931,186.2
Tyrosine,Tyr,Y,163.06333,163.2
Valine,Val,V,99.06841,99.13